ANIMAL,ESPECIE,CATEGORIA,PRODUCTO,PRECIO,DESCRIPCION,MARCA,TAMANO,Cantidad
reptil,camaleon,comida,Vitaminas y Minerales,500,"Un valioso suplemento de vitaminas y minerales enriquecido con aminoácidos para reptiles y anfibios.

La diversidad en los herps de hoy significa una gran diferencia en sus hábitos alimenticios. La mayoría de los anfibios son carnívoros, mientras que los reptiles pueden ser carnívoros, comedores de plantas u omnívoros (comen tanto alimentos vegetales como animales) dependiendo de su especie. Sin importar qué forma tome su nutrición, sin embargo, el factor más decisivo son sus componentes. Las necesidades básicas en nutrientes se han tenido en cuenta al formular NEKTON-REP.

La gran proporción de vitamina A (retinol) que contiene es extremadamente importante para formar la piel y las membranas mucosas de reptiles y anfibios. Un suministro adecuado de calcio también es importante, especialmente para los comedores de insectos, ya que este elemento generalmente falta en la cutícula o esqueleto de quitina. NEKTON-REP por lo tanto contiene un alto porcentaje de calcio junto con vitamina D3 para ayudar a la adsorción de calcio por el cuerpo del animal. Pero es la armonía y el equilibrio de la fórmula lo que lo convierte en uno de los suplementos más beneficiosos para reptiles y anfibios. Cada sustancia vital se dosifica y mezcla para complementar y promover la otra, fortaleciendo así todo el organismo. Ayuda a un crecimiento óseo saludable. Promueve el desprendimiento suave de la piel. Ayuda a la formación de una piel sana y membranas mucosas.",Nekton,75 gr,11
reptil,iguana,comida,Vitaminas y Minerales,501,"Un valioso suplemento de vitaminas y minerales enriquecido con aminoácidos para reptiles y anfibios.

La diversidad en los herps de hoy significa una gran diferencia en sus hábitos alimenticios. La mayoría de los anfibios son carnívoros, mientras que los reptiles pueden ser carnívoros, comedores de plantas u omnívoros (comen tanto alimentos vegetales como animales) dependiendo de su especie. Sin importar qué forma tome su nutrición, sin embargo, el factor más decisivo son sus componentes. Las necesidades básicas en nutrientes se han tenido en cuenta al formular NEKTON-REP.

La gran proporción de vitamina A (retinol) que contiene es extremadamente importante para formar la piel y las membranas mucosas de reptiles y anfibios. Un suministro adecuado de calcio también es importante, especialmente para los comedores de insectos, ya que este elemento generalmente falta en la cutícula o esqueleto de quitina. NEKTON-REP por lo tanto contiene un alto porcentaje de calcio junto con vitamina D3 para ayudar a la adsorción de calcio por el cuerpo del animal. Pero es la armonía y el equilibrio de la fórmula lo que lo convierte en uno de los suplementos más beneficiosos para reptiles y anfibios. Cada sustancia vital se dosifica y mezcla para complementar y promover la otra, fortaleciendo así todo el organismo. Ayuda a un crecimiento óseo saludable. Promueve el desprendimiento suave de la piel. Ayuda a la formación de una piel sana y membranas mucosas.",Nekton,76 gr,12
reptil,camaleon,comida,Vitaminas y Minerales,502,"Un valioso suplemento de vitaminas y minerales enriquecido con aminoácidos para reptiles y anfibios.

La diversidad en los herps de hoy significa una gran diferencia en sus hábitos alimenticios. La mayoría de los anfibios son carnívoros, mientras que los reptiles pueden ser carnívoros, comedores de plantas u omnívoros (comen tanto alimentos vegetales como animales) dependiendo de su especie. Sin importar qué forma tome su nutrición, sin embargo, el factor más decisivo son sus componentes. Las necesidades básicas en nutrientes se han tenido en cuenta al formular NEKTON-REP.

La gran proporción de vitamina A (retinol) que contiene es extremadamente importante para formar la piel y las membranas mucosas de reptiles y anfibios. Un suministro adecuado de calcio también es importante, especialmente para los comedores de insectos, ya que este elemento generalmente falta en la cutícula o esqueleto de quitina. NEKTON-REP por lo tanto contiene un alto porcentaje de calcio junto con vitamina D3 para ayudar a la adsorción de calcio por el cuerpo del animal. Pero es la armonía y el equilibrio de la fórmula lo que lo convierte en uno de los suplementos más beneficiosos para reptiles y anfibios. Cada sustancia vital se dosifica y mezcla para complementar y promover la otra, fortaleciendo así todo el organismo. Ayuda a un crecimiento óseo saludable. Promueve el desprendimiento suave de la piel. Ayuda a la formación de una piel sana y membranas mucosas.",Nekton,79 gr,21
reptil,camaleon,comida,Vitaminas y Minerales,503,"Un valioso suplemento de vitaminas y minerales enriquecido con aminoácidos para reptiles y anfibios.

La diversidad en los herps de hoy significa una gran diferencia en sus hábitos alimenticios. La mayoría de los anfibios son carnívoros, mientras que los reptiles pueden ser carnívoros, comedores de plantas u omnívoros (comen tanto alimentos vegetales como animales) dependiendo de su especie. Sin importar qué forma tome su nutrición, sin embargo, el factor más decisivo son sus componentes. Las necesidades básicas en nutrientes se han tenido en cuenta al formular NEKTON-REP.

La gran proporción de vitamina A (retinol) que contiene es extremadamente importante para formar la piel y las membranas mucosas de reptiles y anfibios. Un suministro adecuado de calcio también es importante, especialmente para los comedores de insectos, ya que este elemento generalmente falta en la cutícula o esqueleto de quitina. NEKTON-REP por lo tanto contiene un alto porcentaje de calcio junto con vitamina D3 para ayudar a la adsorción de calcio por el cuerpo del animal. Pero es la armonía y el equilibrio de la fórmula lo que lo convierte en uno de los suplementos más beneficiosos para reptiles y anfibios. Cada sustancia vital se dosifica y mezcla para complementar y promover la otra, fortaleciendo así todo el organismo. Ayuda a un crecimiento óseo saludable. Promueve el desprendimiento suave de la piel. Ayuda a la formación de una piel sana y membranas mucosas.",Nekton,78 gr,32
reptil,camaleon,comida 2,Vitaminas y Minerales 2,504,"Un valioso suplemento de vitaminas y minerales enriquecido con aminoácidos para reptiles y anfibios.

La diversidad en los herps de hoy significa una gran diferencia en sus hábitos alimenticios. La mayoría de los anfibios son carnívoros, mientras que los reptiles pueden ser carnívoros, comedores de plantas u omnívoros (comen tanto alimentos vegetales como animales) dependiendo de su especie. Sin importar qué forma tome su nutrición, sin embargo, el factor más decisivo son sus componentes. Las necesidades básicas en nutrientes se han tenido en cuenta al formular NEKTON-REP.

La gran proporción de vitamina A (retinol) que contiene es extremadamente importante para formar la piel y las membranas mucosas de reptiles y anfibios. Un suministro adecuado de calcio también es importante, especialmente para los comedores de insectos, ya que este elemento generalmente falta en la cutícula o esqueleto de quitina. NEKTON-REP por lo tanto contiene un alto porcentaje de calcio junto con vitamina D3 para ayudar a la adsorción de calcio por el cuerpo del animal. Pero es la armonía y el equilibrio de la fórmula lo que lo convierte en uno de los suplementos más beneficiosos para reptiles y anfibios. Cada sustancia vital se dosifica y mezcla para complementar y promover la otra, fortaleciendo así todo el organismo. Ayuda a un crecimiento óseo saludable. Promueve el desprendimiento suave de la piel. Ayuda a la formación de una piel sana y membranas mucosas.",Nekton,79 gr,112
perro,bulldog,comida,Vitaminas y Minerales,402,"Es, el, ejemplo",KD,40 gr,323
reptil,camaleon,comida,Reptile Gammare ,72.26,Esta mezcla es una absoluta delicia de gammarus proteínas y otros crustáceos sabrosos para muchas tortugas y otros reptiles carnívoros.,,250ml 250gr,20
reptil,camaleon,comida 2,Reptile Mixed 2,78.89,"Ya sea agua o el barro tortugas, lagartos, lagartijas, monitores o Tejus: Esta mezcla contiene de forma natural moluscos y crustáceos puros, carne y pescado y es una fiesta para todos los reptiles carnívoros!",,250ml 100gr,10
